?aat	?ulan	?lab
<http://vocab.getty.edu/aat/300263392>	<http://vocab.getty.edu/ulan/500202778>	Abakwariga
<http://vocab.getty.edu/aat/300021521>	<http://vocab.getty.edu/ulan/500202779>	Abbasid
<http://vocab.getty.edu/aat/300019285>	<http://vocab.getty.edu/ulan/500202780>	Abbevillian
<http://vocab.getty.edu/aat/300263083>	<http://vocab.getty.edu/ulan/500202781>	Abe
<http://vocab.getty.edu/aat/300263049>	<http://vocab.getty.edu/ulan/500202782>	Abidji
<http://vocab.getty.edu/aat/300017962>	<http://vocab.getty.edu/ulan/500294405>	Abip√≥n
<http://vocab.getty.edu/aat/300017543>	<http://vocab.getty.edu/ulan/500202783>	Abnaki
<http://vocab.getty.edu/aat/300387721>	<http://vocab.getty.edu/ulan/500202784>	Abruzzese
<http://vocab.getty.edu/aat/300016072>	<http://vocab.getty.edu/ulan/500202785>	Abua
<http://vocab.getty.edu/aat/300263087>	<http://vocab.getty.edu/ulan/500202786>	Abure
<http://vocab.getty.edu/aat/300386025>	<http://vocab.getty.edu/ulan/500355224>	Achaean
<http://vocab.getty.edu/aat/300019946>	<http://vocab.getty.edu/ulan/500202787>	Achaemenid
<http://vocab.getty.edu/aat/300017952>	<http://vocab.getty.edu/ulan/500294398>	Achagua
<http://vocab.getty.edu/aat/300019288>	<http://vocab.getty.edu/ulan/500202788>	Acheulian
<http://vocab.getty.edu/aat/300017500>	<http://vocab.getty.edu/ulan/500202789>	Achomawi
<http://vocab.getty.edu/aat/300191137>	<http://vocab.getty.edu/ulan/500202790>	Acolapissa
<http://vocab.getty.edu/aat/300017749>	<http://vocab.getty.edu/ulan/500202791>	Acoma Pueblo
<http://vocab.getty.edu/aat/300264464>	<http://vocab.getty.edu/ulan/500202792>	Adamawa
<http://vocab.getty.edu/aat/300016015>	<http://vocab.getty.edu/ulan/500202793>	Adangme
<http://vocab.getty.edu/aat/300015889>	<http://vocab.getty.edu/ulan/500202794>	Adarawa
<http://vocab.getty.edu/aat/300386028>	<http://vocab.getty.edu/ulan/500355227>	Adivasi
<http://vocab.getty.edu/aat/300016020>	<http://vocab.getty.edu/ulan/500202795>	Adja
<http://vocab.getty.edu/aat/300264301>	<http://vocab.getty.edu/ulan/500355064>	Adventist
<http://vocab.getty.edu/aat/300020059>	<http://vocab.getty.edu/ulan/500202796>	Aegean
<http://vocab.getty.edu/aat/300386026>	<http://vocab.getty.edu/ulan/500355225>	Aeolian
<http://vocab.getty.edu/aat/300018775>	<http://vocab.getty.edu/ulan/500202797>	Afanasievo
<http://vocab.getty.edu/aat/300115595>	<http://vocab.getty.edu/ulan/500125292>	Afghan
<http://vocab.getty.edu/aat/300266825>	<http://vocab.getty.edu/ulan/500125292>	Afghan
<http://vocab.getty.edu/aat/300021834>	<http://vocab.getty.edu/ulan/500125292>	Afghan
<http://vocab.getty.edu/aat/300016091>	<http://vocab.getty.edu/ulan/500202798>	Afo
<http://vocab.getty.edu/aat/300015647>	<http://vocab.getty.edu/ulan/500125245>	African
<http://vocab.getty.edu/aat/300375715>	<http://vocab.getty.edu/ulan/500125245>	African
<http://vocab.getty.edu/aat/300387737>	<http://vocab.getty.edu/ulan/500202800>	Afro-Asiatic
<http://vocab.getty.edu/aat/300114605>	<http://vocab.getty.edu/ulan/500202801>	Aghlabid
<http://vocab.getty.edu/aat/300017370>	<http://vocab.getty.edu/ulan/500202802>	Aguada
<http://vocab.getty.edu/aat/300264306>	<http://vocab.getty.edu/ulan/500355065>	Ahmadiyya
<http://vocab.getty.edu/aat/300263239>	<http://vocab.getty.edu/ulan/500202803>	Ahrensburgian
<http://vocab.getty.edu/aat/300017472>	<http://vocab.getty.edu/ulan/500202804>	Ahtena
<http://vocab.getty.edu/aat/300112969>	<http://vocab.getty.edu/ulan/500202805>	Ai-Hanum
<http://vocab.getty.edu/aat/300262973>	<http://vocab.getty.edu/ulan/500353699>	Ainu
<http://vocab.getty.edu/aat/300016021>	<http://vocab.getty.edu/ulan/500202806>	Aizo
<http://vocab.getty.edu/aat/300264309>	<http://vocab.getty.edu/ulan/500355066>	Ajivika
<http://vocab.getty.edu/aat/300015992>	<http://vocab.getty.edu/ulan/500202807>	Ajukru
<http://vocab.getty.edu/aat/300016000>	<http://vocab.getty.edu/ulan/500202810>	Akan
<http://vocab.getty.edu/aat/300019604>	<http://vocab.getty.edu/ulan/500202811>	Akkadian
<http://vocab.getty.edu/aat/300134084>	<http://vocab.getty.edu/ulan/500202812>	Akkoyunlu
<http://vocab.getty.edu/aat/300016745>	<http://vocab.getty.edu/ulan/500202813>	Akmak
<http://vocab.getty.edu/aat/300263394>	<http://vocab.getty.edu/ulan/500202814>	Akoko
<http://vocab.getty.edu/aat/300018019>	<http://vocab.getty.edu/ulan/500294453>	Alacaluf
<http://vocab.getty.edu/aat/300262500>	<http://vocab.getty.edu/ulan/500202815>	Alago
<http://vocab.getty.edu/aat/300015994>	<http://vocab.getty.edu/ulan/500202816>	Alagya
<http://vocab.getty.edu/aat/300111150>	<http://vocab.getty.edu/ulan/500125293>	Albanian
<http://vocab.getty.edu/aat/300387745>	<http://vocab.getty.edu/ulan/500202817>	Albertan
<http://vocab.getty.edu/aat/300264444>	<http://vocab.getty.edu/ulan/500355067>	Albigensian
<http://vocab.getty.edu/aat/300016760>	<http://vocab.getty.edu/ulan/500202818>	Aleut
<http://vocab.getty.edu/aat/300262699>	<http://vocab.getty.edu/ulan/500125294>	Algerian
