Abua	<http://vocab.getty.edu/ulan/500202785>
Acoma Pueblo	<http://vocab.getty.edu/ulan/500202791>
Adamawa	<http://vocab.getty.edu/ulan/500202792>
Adja	<http://vocab.getty.edu/ulan/500202795>
Adventist	<http://vocab.getty.edu/ulan/500355064>
Afghan	<http://vocab.getty.edu/ulan/500125292>
African	<http://vocab.getty.edu/ulan/500125245>
African-American	<http://vocab.getty.edu/ulan/500202799>
Aguada	<http://vocab.getty.edu/ulan/500202802>
Ahtena	<http://vocab.getty.edu/ulan/500202804>
Ainu	<http://vocab.getty.edu/ulan/500353699>
Aizo	<http://vocab.getty.edu/ulan/500202806>
Aka (Mbuti)	<http://vocab.getty.edu/ulan/500202808>
Aka (Pygmy)	<http://vocab.getty.edu/ulan/500202809>
Akan	<http://vocab.getty.edu/ulan/500202810>
Akkadian	<http://vocab.getty.edu/ulan/500202811>
Albanian	<http://vocab.getty.edu/ulan/500125293>
Albertan	<http://vocab.getty.edu/ulan/500202817>
Aleut	<http://vocab.getty.edu/ulan/500202818>
Alpine	<http://vocab.getty.edu/ulan/500202823>
Alsatian	<http://vocab.getty.edu/ulan/500125291>
Amahuaca	<http://vocab.getty.edu/ulan/500294345>
Amazonian	<http://vocab.getty.edu/ulan/500202827>
Amba	<http://vocab.getty.edu/ulan/500202828>
Ambo (Southern African)	<http://vocab.getty.edu/ulan/500202829>
Ambrym	<http://vocab.getty.edu/ulan/500202830>
American	<http://vocab.getty.edu/ulan/500125216>
Anabaptist	<http://vocab.getty.edu/ulan/500355069>
Anatolian	<http://vocab.getty.edu/ulan/500202836>
Ancient Bulgarian	<http://vocab.getty.edu/ulan/500125221>
Ancient Egyptian	<http://vocab.getty.edu/ulan/500202838>
Ancient Greek	<http://vocab.getty.edu/ulan/500202840>
Ancient Macedonian	<http://vocab.getty.edu/ulan/500202842>
Ancient Roman	<http://vocab.getty.edu/ulan/500202843>
Ancient Umbrian	<http://vocab.getty.edu/ulan/500355572>
Andhra Karnata	<http://vocab.getty.edu/ulan/500354796>
Anglican	<http://vocab.getty.edu/ulan/500355070>
Anglo-Saxon	<http://vocab.getty.edu/ulan/500354814>
Anyang (Chinese)	<http://vocab.getty.edu/ulan/500355197>
Apache	<http://vocab.getty.edu/ulan/500202864>
Apulian	<http://vocab.getty.edu/ulan/500202866>
Arab	<http://vocab.getty.edu/ulan/500202868>
Arabic	<http://vocab.getty.edu/ulan/500353974>
Aragonese	<http://vocab.getty.edu/ulan/500202869>
Arapaho	<http://vocab.getty.edu/ulan/500202870>
Araucanian	<http://vocab.getty.edu/ulan/500294388>
Arawak	<http://vocab.getty.edu/ulan/500202871>
Archaic Greek	<http://vocab.getty.edu/ulan/500202872>
Archaic Native American	<http://vocab.getty.edu/ulan/500125287>
Arian	<http://vocab.getty.edu/ulan/500355071>
Arikara	<http://vocab.getty.edu/ulan/500202876>
Armenian	<http://vocab.getty.edu/ulan/500202877>
Arminian	<http://vocab.getty.edu/ulan/500355072>
Assembly of God	<http://vocab.getty.edu/ulan/500355074>
Atakapa	<http://vocab.getty.edu/ulan/500202892>
Athabaskan	<http://vocab.getty.edu/ulan/500202894>
Atonist	<http://vocab.getty.edu/ulan/500355075>
Atsugewi	<http://vocab.getty.edu/ulan/500202896>
Attic	<http://vocab.getty.edu/ulan/500202897>
Aushi	<http://vocab.getty.edu/ulan/500202901>
Aymará	<http://vocab.getty.edu/ulan/500294389>
Azerbaijani	<http://vocab.getty.edu/ulan/500202910>
Aztec	<http://vocab.getty.edu/ulan/500202913>
Baffinland Inuit	<http://vocab.getty.edu/ulan/500202921>
Bahaist	<http://vocab.getty.edu/ulan/500355077>
Baka	<http://vocab.getty.edu/ulan/500202929>
Balanta	<http://vocab.getty.edu/ulan/500202931>
Banda	<http://vocab.getty.edu/ulan/500202935>
Banen	<http://vocab.getty.edu/ulan/500202936>
Bantu	<http://vocab.getty.edu/ulan/500202942>
Bara	<http://vocab.getty.edu/ulan/500202945>
Barbacoa	<http://vocab.getty.edu/ulan/500294423>
Basotho (Lesothan)	<http://vocab.getty.edu/ulan/500202952>
Basque	<http://vocab.getty.edu/ulan/500202953>
Bata	<http://vocab.getty.edu/ulan/500202958>
Batswana	<http://vocab.getty.edu/ulan/500202960>
Baulé	<http://vocab.getty.edu/ulan/500202961>
Bavarian	<http://vocab.getty.edu/ulan/500125284>
Beaver	<http://vocab.getty.edu/ulan/500202962>
Belgian	<http://vocab.getty.edu/ulan/500125218>
Bella Coola	<http://vocab.getty.edu/ulan/500202968>
Belorussian	<http://vocab.getty.edu/ulan/500202969>
Bemba (Southern African)	<http://vocab.getty.edu/ulan/500202970>
Bembe (Maniema)	<http://vocab.getty.edu/ulan/500202972>
Benin (ancient Nigerian)	<http://vocab.getty.edu/ulan/500355199>
Berber	<http://vocab.getty.edu/ulan/500202977>
Bini	<http://vocab.getty.edu/ulan/500202984>
Biombo	<http://vocab.getty.edu/ulan/500202986>
Blackfeet	<http://vocab.getty.edu/ulan/500202991>
Blackfoot	<http://vocab.getty.edu/ulan/500202992>
Blood (Native American)	<http://vocab.getty.edu/ulan/500202993>
Boeotian	<http://vocab.getty.edu/ulan/500202995>
Boma	<http://vocab.getty.edu/ulan/500203000>
Bon	<http://vocab.getty.edu/ulan/500355084>
Bongo (Eastern Sudanese)	<http://vocab.getty.edu/ulan/500355200>
Bongo (Pygmy)	<http://vocab.getty.edu/ulan/500203003>
Bororo	<http://vocab.getty.edu/ulan/500204557>
Bosnian	<http://vocab.getty.edu/ulan/500203006>
Brahma Kumari	<http://vocab.getty.edu/ulan/500355085>
Brahmanical	<http://vocab.getty.edu/ulan/500355059>
Breton	<http://vocab.getty.edu/ulan/500203011>
Bubi	<http://vocab.getty.edu/ulan/500203016>
Buddhist	<http://vocab.getty.edu/ulan/500355113>
Buka	<http://vocab.getty.edu/ulan/500203021>
Bulgarian (modern)	<http://vocab.getty.edu/ulan/500355202>
Bunu	<http://vocab.getty.edu/ulan/500203024>
Burgundian (Migration period)	<http://vocab.getty.edu/ulan/500203026>
Burkinabe (Burkina Fasian)	<http://vocab.getty.edu/ulan/500203027>
Burmese	<http://vocab.getty.edu/ulan/500203028>
Burundian	<http://vocab.getty.edu/ulan/500203029>
Bété	<http://vocab.getty.edu/ulan/500202914>
Cahuilla	<http://vocab.getty.edu/ulan/500203035>
Cakchiquel	<http://vocab.getty.edu/ulan/500203037>
Calvinist	<http://vocab.getty.edu/ulan/500355088>
Cambodian	<http://vocab.getty.edu/ulan/500203041>
Campa	<http://vocab.getty.edu/ulan/500294378>
Campanian	<http://vocab.getty.edu/ulan/500203043>
Canaanite	<http://vocab.getty.edu/ulan/500203045>
Cappadocian	<http://vocab.getty.edu/ulan/500203050>
Capuchin	<http://vocab.getty.edu/ulan/500355090>
Cara (South American)	<http://vocab.getty.edu/ulan/500294425>
Carajá	<http://vocab.getty.edu/ulan/500294399>
Carolingian	<http://vocab.getty.edu/ulan/500203056>
Carrier (Native American)	<http://vocab.getty.edu/ulan/500203057>
Castilian	<http://vocab.getty.edu/ulan/500203058>
Catalan	<http://vocab.getty.edu/ulan/500203059>
Catawba	<http://vocab.getty.edu/ulan/500203060>
Cathar	<http://vocab.getty.edu/ulan/500355093>
Caucasian	<http://vocab.getty.edu/ulan/500203061>
Cayuga	<http://vocab.getty.edu/ulan/500203062>
Cañar (Chaco)	<http://vocab.getty.edu/ulan/500294409>
Celtic	<http://vocab.getty.edu/ulan/500203064>
Central African	<http://vocab.getty.edu/ulan/500203065>
Central Ge (South American)	<http://vocab.getty.edu/ulan/500294443>
Ch'an Buddhist	<http://vocab.getty.edu/ulan/500355094>
Chagga	<http://vocab.getty.edu/ulan/500203070>
Chalcidian	<http://vocab.getty.edu/ulan/500203071>
Chané	<http://vocab.getty.edu/ulan/500294410>
Chatino	<http://vocab.getty.edu/ulan/500203078>
Chehalis	<http://vocab.getty.edu/ulan/500203079>
Chen-Yen	<http://vocab.getty.edu/ulan/500355095>
Cherokee	<http://vocab.getty.edu/ulan/500203082>
Cheyenne	<http://vocab.getty.edu/ulan/500203084>
Chichimec	<http://vocab.getty.edu/ulan/500203089>
Chickasaw	<http://vocab.getty.edu/ulan/500203090>
Chilcotin	<http://vocab.getty.edu/ulan/500203091>
Chinese	<http://vocab.getty.edu/ulan/500125222>
Chinese Buddhist	<http://vocab.getty.edu/ulan/500355096>
Chinese Microlithic	<http://vocab.getty.edu/ulan/500203097>
Chipewyan	<http://vocab.getty.edu/ulan/500203100>
Chitimacha	<http://vocab.getty.edu/ulan/500203103>
Choctaw	<http://vocab.getty.edu/ulan/500203105>
Chocó	<http://vocab.getty.edu/ulan/500294427>
Choiseul	<http://vocab.getty.edu/ulan/500203106>
Chokwe	<http://vocab.getty.edu/ulan/500203107>
Chondogyo	<http://vocab.getty.edu/ulan/500355098>
Chontal	<http://vocab.getty.edu/ulan/500203110>
Chosen	<http://vocab.getty.edu/ulan/500203113>
Christian	<http://vocab.getty.edu/ulan/500355055>
Christian Scientist	<http://vocab.getty.edu/ulan/500355101>
Chuka	<http://vocab.getty.edu/ulan/500203116>
Chumash	<http://vocab.getty.edu/ulan/500203117>
Cocopa	<http://vocab.getty.edu/ulan/500203126>
Coeur d'Alène	<http://vocab.getty.edu/ulan/500203127>
Colonial American	<http://vocab.getty.edu/ulan/500203130>
Comanche	<http://vocab.getty.edu/ulan/500203137>
Comorian	<http://vocab.getty.edu/ulan/500203138>
Conestoga	<http://vocab.getty.edu/ulan/500203141>
Confucian	<http://vocab.getty.edu/ulan/500355108>
Congolese	<http://vocab.getty.edu/ulan/500203142>
Congolese (Democratic Republic of Congo)	<http://vocab.getty.edu/ulan/500203143>
Congolese (Republic of the Congo)	<http://vocab.getty.edu/ulan/500203144>
Congregationalist	<http://vocab.getty.edu/ulan/500355109>
Conservative Jewish	<http://vocab.getty.edu/ulan/500355110>
Coos	<http://vocab.getty.edu/ulan/500203146>
Coptic Egyptian	<http://vocab.getty.edu/ulan/500203148>
Coptic Orthodox	<http://vocab.getty.edu/ulan/500355111>
Cora	<http://vocab.getty.edu/ulan/500203149>
Corinthian	<http://vocab.getty.edu/ulan/500203150>
Corsican	<http://vocab.getty.edu/ulan/500203151>
Cowlitz	<http://vocab.getty.edu/ulan/500203158>
Cree	<http://vocab.getty.edu/ulan/500203160>
Creek (Native American)	<http://vocab.getty.edu/ulan/500203161>
Croatian	<http://vocab.getty.edu/ulan/500203164>
Crow	<http://vocab.getty.edu/ulan/500203165>
Cuna	<http://vocab.getty.edu/ulan/500203173>
Cupeño	<http://vocab.getty.edu/ulan/500203174>
Cypriot	<http://vocab.getty.edu/ulan/500203179>
Czech	<http://vocab.getty.edu/ulan/500125277>
Dalmatian	<http://vocab.getty.edu/ulan/500125278>
Dama	<http://vocab.getty.edu/ulan/500203190>
Danish	<http://vocab.getty.edu/ulan/500125285>
Danubian	<http://vocab.getty.edu/ulan/500203192>
Danubian (Neolithic)	<http://vocab.getty.edu/ulan/500203193>
Day (African)	<http://vocab.getty.edu/ulan/500203194>
De	<http://vocab.getty.edu/ulan/500203195>
Dharanindravarman	<http://vocab.getty.edu/ulan/500203202>
Dida	<http://vocab.getty.edu/ulan/500203204>
Diegueno	<http://vocab.getty.edu/ulan/500203205>
Dogon	<http://vocab.getty.edu/ulan/500203210>
Dogrib	<http://vocab.getty.edu/ulan/500203211>
Dominican (Dominica)	<http://vocab.getty.edu/ulan/500203212>
Dominican (Dominican Republic)	<http://vocab.getty.edu/ulan/500203213>
Donatist	<http://vocab.getty.edu/ulan/500355115>
Doric	<http://vocab.getty.edu/ulan/500203216>
Duma (Kota-Mbete)	<http://vocab.getty.edu/ulan/500203222>
Duma (Southern African)	<http://vocab.getty.edu/ulan/500203223>
Dutch	<http://vocab.getty.edu/ulan/500125224>
Dyula	<http://vocab.getty.edu/ulan/500203226>
Dông-Son (Indonesian)	<http://vocab.getty.edu/ulan/500203181>
Dông-Son (Vietnamese)	<http://vocab.getty.edu/ulan/500355223>
Early Cypriot	<http://vocab.getty.edu/ulan/500203229>
Early Nomads Chinese	<http://vocab.getty.edu/ulan/500203233>
Edo (African)	<http://vocab.getty.edu/ulan/500203242>
Edo (Japanese)	<http://vocab.getty.edu/ulan/500203243>
Efe (Mbuti)	<http://vocab.getty.edu/ulan/500203244>
Eighteenth Dynasty	<http://vocab.getty.edu/ulan/500203248>
Eighth Dynasty	<http://vocab.getty.edu/ulan/500203249>
Eleventh Dynasty	<http://vocab.getty.edu/ulan/500203253>
Emilian	<http://vocab.getty.edu/ulan/500203254>
Emirian	<http://vocab.getty.edu/ulan/500203255>
English	<http://vocab.getty.edu/ulan/500125227>
Enya	<http://vocab.getty.edu/ulan/500203256>
Eretrian (Greek)	<http://vocab.getty.edu/ulan/500203260>
Eritrean (African)	<http://vocab.getty.edu/ulan/500203262>
Ertebolle	<http://vocab.getty.edu/ulan/500203264>
Eskimo	<http://vocab.getty.edu/ulan/500203265>
Estonian	<http://vocab.getty.edu/ulan/500203267>
Ethiopian	<http://vocab.getty.edu/ulan/500125232>
Etruscan	<http://vocab.getty.edu/ulan/500125265>
Euboean	<http://vocab.getty.edu/ulan/500203270>
Ewe	<http://vocab.getty.edu/ulan/500203271>
Eyak	<http://vocab.getty.edu/ulan/500203272>
Faliscan	<http://vocab.getty.edu/ulan/500203276>
Fang	<http://vocab.getty.edu/ulan/500203277>
Felup	<http://vocab.getty.edu/ulan/500203279>
Fifteenth Dynasty	<http://vocab.getty.edu/ulan/500203281>
Fifth Dynasty	<http://vocab.getty.edu/ulan/500203282>
Fijian	<http://vocab.getty.edu/ulan/500203283>
Filipino	<http://vocab.getty.edu/ulan/500203284>
Finnish	<http://vocab.getty.edu/ulan/500203285>
First Dynasty	<http://vocab.getty.edu/ulan/500203286>
First Intermediate Egyptian	<http://vocab.getty.edu/ulan/500203287>
First Nations	<http://vocab.getty.edu/ulan/500355546>
Five Dynasties Chinese	<http://vocab.getty.edu/ulan/500203288>
Flemish	<http://vocab.getty.edu/ulan/500125233>
Flores	<http://vocab.getty.edu/ulan/500203291>
Fon	<http://vocab.getty.edu/ulan/500203292>
Fourteenth Dynasty	<http://vocab.getty.edu/ulan/500203293>
Fourth Dynasty	<http://vocab.getty.edu/ulan/500203294>
Fox	<http://vocab.getty.edu/ulan/500203295>
Frankish	<http://vocab.getty.edu/ulan/500203297>
Freemasonic	<http://vocab.getty.edu/ulan/500355193>
French	<http://vocab.getty.edu/ulan/500125235>
Frisian	<http://vocab.getty.edu/ulan/500203300>
Friulian	<http://vocab.getty.edu/ulan/500203301>
Fula	<http://vocab.getty.edu/ulan/500203302>
Funan	<http://vocab.getty.edu/ulan/500203305>
Ga	<http://vocab.getty.edu/ulan/500203306>
Ga'anda	<http://vocab.getty.edu/ulan/500203307>
Gabrieliño	<http://vocab.getty.edu/ulan/500203310>
Gascon	<http://vocab.getty.edu/ulan/500203322>
Ge (Ewe)	<http://vocab.getty.edu/ulan/500203326>
Georgian	<http://vocab.getty.edu/ulan/500203328>
German	<http://vocab.getty.edu/ulan/500125236>
Gola (West Atlantic)	<http://vocab.getty.edu/ulan/500203339>
Goma	<http://vocab.getty.edu/ulan/500203340>
Greek	<http://vocab.getty.edu/ulan/500125237>
Greenlandic	<http://vocab.getty.edu/ulan/500203349>
Gros Ventre	<http://vocab.getty.edu/ulan/500203351>
Guaraní	<http://vocab.getty.edu/ulan/500294445>
Gun	<http://vocab.getty.edu/ulan/500203362>
Gurage	<http://vocab.getty.edu/ulan/500203365>
Gwa	<http://vocab.getty.edu/ulan/500203373>
Haida	<http://vocab.getty.edu/ulan/500203377>
Haisla	<http://vocab.getty.edu/ulan/500203378>
Hallstatt	<http://vocab.getty.edu/ulan/500203381>
Hamburgian (Mesolithic)	<http://vocab.getty.edu/ulan/500203383>
Hare	<http://vocab.getty.edu/ulan/500203390>
Harshavarman	<http://vocab.getty.edu/ulan/500203391>
Hausa	<http://vocab.getty.edu/ulan/500203392>
Hawaiian	<http://vocab.getty.edu/ulan/500203394>
Hebrew	<http://vocab.getty.edu/ulan/500203395>
Heiltsuk	<http://vocab.getty.edu/ulan/500203397>
Hemba	<http://vocab.getty.edu/ulan/500203400>
Hessian	<http://vocab.getty.edu/ulan/500203404>
Hidatsa	<http://vocab.getty.edu/ulan/500203405>
Hinayana Buddhist	<http://vocab.getty.edu/ulan/500355124>
Hindu	<http://vocab.getty.edu/ulan/500355058>
Hittite	<http://vocab.getty.edu/ulan/500203408>
Hmong	<http://vocab.getty.edu/ulan/500203410>
Ho	<http://vocab.getty.edu/ulan/500355232>
Honduran	<http://vocab.getty.edu/ulan/500203414>
Hong Kong	<http://vocab.getty.edu/ulan/500203415>
Hopi	<http://vocab.getty.edu/ulan/500203418>
Huamachuco	<http://vocab.getty.edu/ulan/500203420>
Huichol	<http://vocab.getty.edu/ulan/500203425>
Hum	<http://vocab.getty.edu/ulan/500203426>
Hupa	<http://vocab.getty.edu/ulan/500203430>
Huron	<http://vocab.getty.edu/ulan/500203431>
Icelandic	<http://vocab.getty.edu/ulan/500203435>
Igbo	<http://vocab.getty.edu/ulan/500203439>
Ijo	<http://vocab.getty.edu/ulan/500203442>
Imperial Roman	<http://vocab.getty.edu/ulan/500203450>
Inca	<http://vocab.getty.edu/ulan/500125282>
Indian	<http://vocab.getty.edu/ulan/500125241>
Indonesian	<http://vocab.getty.edu/ulan/500203452>
Indravarman	<http://vocab.getty.edu/ulan/500203453>
Ingalik	<http://vocab.getty.edu/ulan/500203455>
International	<http://vocab.getty.edu/ulan/500203456>
Inuit	<http://vocab.getty.edu/ulan/500203457>
Ionian	<http://vocab.getty.edu/ulan/500355226>
Islamic	<http://vocab.getty.edu/ulan/500125240>
Isleta Pueblo	<http://vocab.getty.edu/ulan/500203469>
Italian	<http://vocab.getty.edu/ulan/500125250>
Italic	<http://vocab.getty.edu/ulan/500203472>
Itzá	<http://vocab.getty.edu/ulan/500203474>
Jainist	<http://vocab.getty.edu/ulan/500355128>
Japanese	<http://vocab.getty.edu/ulan/500125252>
Japanese Buddhist	<http://vocab.getty.edu/ulan/500355129>
Jarawa	<http://vocab.getty.edu/ulan/500203485>
Javanese	<http://vocab.getty.edu/ulan/500203487>
Jayavarmadiparamesvara	<http://vocab.getty.edu/ulan/500203488>
Jayavarman	<http://vocab.getty.edu/ulan/500203489>
Jehovah's Witness	<http://vocab.getty.edu/ulan/500355130>
Jemez Pueblo	<http://vocab.getty.edu/ulan/500203490>
Jesuit	<http://vocab.getty.edu/ulan/500355131>
Jewish	<http://vocab.getty.edu/ulan/500203491>
Jomon	<http://vocab.getty.edu/ulan/500203499>
Jukun	<http://vocab.getty.edu/ulan/500203501>
Kagyupa	<http://vocab.getty.edu/ulan/500355134>
Kande	<http://vocab.getty.edu/ulan/500203514>
Kansa	<http://vocab.getty.edu/ulan/500203516>
Kanuri	<http://vocab.getty.edu/ulan/500203517>
Kanyok	<http://vocab.getty.edu/ulan/500203518>
Kaonde	<http://vocab.getty.edu/ulan/500203519>
Kare (Lake Chad)	<http://vocab.getty.edu/ulan/500203524>
Kare (Zande-Mangbetu)	<http://vocab.getty.edu/ulan/500203525>
Karok	<http://vocab.getty.edu/ulan/500203526>
Kasanga	<http://vocab.getty.edu/ulan/500203527>
Kashmiri	<http://vocab.getty.edu/ulan/500203528>
Kaska	<http://vocab.getty.edu/ulan/500203530>
Kawaiisu	<http://vocab.getty.edu/ulan/500203536>
Kazak	<http://vocab.getty.edu/ulan/500203538>
Kekchi	<http://vocab.getty.edu/ulan/500203540>
Kgalagadi	<http://vocab.getty.edu/ulan/500203544>
Kimberly	<http://vocab.getty.edu/ulan/500203553>
Kiowa	<http://vocab.getty.edu/ulan/500203554>
Kissi	<http://vocab.getty.edu/ulan/500203557>
Komo	<http://vocab.getty.edu/ulan/500203569>
Kongo	<http://vocab.getty.edu/ulan/500203570>
Kono	<http://vocab.getty.edu/ulan/500203574>
Korean	<http://vocab.getty.edu/ulan/500203575>
Koro	<http://vocab.getty.edu/ulan/500203576>
Koryo	<http://vocab.getty.edu/ulan/500203577>
Kosraes	<http://vocab.getty.edu/ulan/500203579>
Kota	<http://vocab.getty.edu/ulan/500203581>
Koyukon	<http://vocab.getty.edu/ulan/500203585>
Kpe	<http://vocab.getty.edu/ulan/500203586>
Kpelle	<http://vocab.getty.edu/ulan/500203587>
Kuba (Congolese)	<http://vocab.getty.edu/ulan/500203592>
Kunda (Southern African)	<http://vocab.getty.edu/ulan/500203595>
Kurdish	<http://vocab.getty.edu/ulan/500203598>
Kurgan	<http://vocab.getty.edu/ulan/500203599>
Kusu (Luba)	<http://vocab.getty.edu/ulan/500203604>
Kuwaa	<http://vocab.getty.edu/ulan/500203608>
Kwa	<http://vocab.getty.edu/ulan/500203611>
Kwakiutl	<http://vocab.getty.edu/ulan/500203612>
Kwango-Kwilu	<http://vocab.getty.edu/ulan/500203614>
Kwele (Upper Sangha River)	<http://vocab.getty.edu/ulan/500203615>
Kyrgyz	<http://vocab.getty.edu/ulan/500203619>
Körös	<http://vocab.getty.edu/ulan/500203503>
Lacandón	<http://vocab.getty.edu/ulan/500203623>
Laconian	<http://vocab.getty.edu/ulan/500203624>
Lagoon (African)	<http://vocab.getty.edu/ulan/500203626>
Laguna Pueblo	<http://vocab.getty.edu/ulan/500203628>
Lake (Native American)	<http://vocab.getty.edu/ulan/500203631>
Lake Chad (African)	<http://vocab.getty.edu/ulan/500203632>
Lakota	<http://vocab.getty.edu/ulan/500203633>
Lamba (Southern African)	<http://vocab.getty.edu/ulan/500203635>
Lamba (West African)	<http://vocab.getty.edu/ulan/500129694>
Languedocian	<http://vocab.getty.edu/ulan/500203638>
Late Cypriot	<http://vocab.getty.edu/ulan/500203644>
Late period (Egyptian)	<http://vocab.getty.edu/ulan/500203648>
Latini (ancient Latin)	<http://vocab.getty.edu/ulan/500355206>
Latino (Latina)	<http://vocab.getty.edu/ulan/500203651>
Latvian	<http://vocab.getty.edu/ulan/500203652>
Lela	<http://vocab.getty.edu/ulan/500203657>
Lele (Lake Chad)	<http://vocab.getty.edu/ulan/500203659>
Lengola	<http://vocab.getty.edu/ulan/500203662>
Levantine	<http://vocab.getty.edu/ulan/500203667>
Liberian	<http://vocab.getty.edu/ulan/500203669>
Ligurian	<http://vocab.getty.edu/ulan/500203674>
Lillooet	<http://vocab.getty.edu/ulan/500203675>
Limba (African)	<http://vocab.getty.edu/ulan/500203676>
Lithuanian	<http://vocab.getty.edu/ulan/500203679>
Livonian	<http://vocab.getty.edu/ulan/500203680>
Loma	<http://vocab.getty.edu/ulan/500203683>
Lombard	<http://vocab.getty.edu/ulan/500203684>
Lozi	<http://vocab.getty.edu/ulan/500203691>
Luba	<http://vocab.getty.edu/ulan/500203692>
Lucchese	<http://vocab.getty.edu/ulan/500203693>
Luiseño	<http://vocab.getty.edu/ulan/500203696>
Lumbee	<http://vocab.getty.edu/ulan/500203698>
Lumbu	<http://vocab.getty.edu/ulan/500203699>
Lunda	<http://vocab.getty.edu/ulan/500203701>
Lungu	<http://vocab.getty.edu/ulan/500203703>
Luxembourgeois	<http://vocab.getty.edu/ulan/500203704>
Maasai	<http://vocab.getty.edu/ulan/500203709>
Macanese	<http://vocab.getty.edu/ulan/500203710>
Macedonian (modern)	<http://vocab.getty.edu/ulan/500203711>
Mahayana Buddhist	<http://vocab.getty.edu/ulan/500355137>
Maidu	<http://vocab.getty.edu/ulan/500203722>
Makah	<http://vocab.getty.edu/ulan/500203725>
Malagasy	<http://vocab.getty.edu/ulan/500203726>
Malaita	<http://vocab.getty.edu/ulan/500203727>
Maldivian	<http://vocab.getty.edu/ulan/500203731>
Malekula	<http://vocab.getty.edu/ulan/500203733>
Mallorcan	<http://vocab.getty.edu/ulan/500203737>
Maltese	<http://vocab.getty.edu/ulan/500203738>
Mam	<http://vocab.getty.edu/ulan/500203739>
Mama	<http://vocab.getty.edu/ulan/500203740>
Mambila	<http://vocab.getty.edu/ulan/500203741>
Mamluk	<http://vocab.getty.edu/ulan/500203742>
Mandan	<http://vocab.getty.edu/ulan/500203745>
Mandara	<http://vocab.getty.edu/ulan/500203746>
Mandean	<http://vocab.getty.edu/ulan/500355138>
Mandingo	<http://vocab.getty.edu/ulan/500203748>
Manga	<http://vocab.getty.edu/ulan/500203749>
Mangue	<http://vocab.getty.edu/ulan/500203753>
Manichaean	<http://vocab.getty.edu/ulan/500355139>
Maniema	<http://vocab.getty.edu/ulan/500203754>
Mano	<http://vocab.getty.edu/ulan/500203757>
Manta	<http://vocab.getty.edu/ulan/500294430>
Manus	<http://vocab.getty.edu/ulan/500203760>
Maori	<http://vocab.getty.edu/ulan/500203761>
Marcionite	<http://vocab.getty.edu/ulan/500355140>
Mariana Islands	<http://vocab.getty.edu/ulan/500203765>
Maricopa	<http://vocab.getty.edu/ulan/500203766>
Marquesan	<http://vocab.getty.edu/ulan/500203768>
Marshallese	<http://vocab.getty.edu/ulan/500203770>
Masa (Lake Chad)	<http://vocab.getty.edu/ulan/500203772>
Mauretanian	<http://vocab.getty.edu/ulan/500203778>
Mauritanian	<http://vocab.getty.edu/ulan/500203779>
Mayan	<http://vocab.getty.edu/ulan/500125283>
Mayo (Native American)	<http://vocab.getty.edu/ulan/500203783>
Mazahua	<http://vocab.getty.edu/ulan/500203784>
Mbala	<http://vocab.getty.edu/ulan/500203786>
Mbamba	<http://vocab.getty.edu/ulan/500203787>
Mbembe (Cross River)	<http://vocab.getty.edu/ulan/500355540>
Mbunda	<http://vocab.getty.edu/ulan/500203797>
Mbundu	<http://vocab.getty.edu/ulan/500203798>
Mediterranean	<http://vocab.getty.edu/ulan/500355204>
Megarian	<http://vocab.getty.edu/ulan/500203802>
Menomini	<http://vocab.getty.edu/ulan/500203807>
Merovingian	<http://vocab.getty.edu/ulan/500203809>
Meru	<http://vocab.getty.edu/ulan/500203810>
Mesopotamian	<http://vocab.getty.edu/ulan/500203813>
Mexican-American	<http://vocab.getty.edu/ulan/500203817>
Miami	<http://vocab.getty.edu/ulan/500203819>
Micmac	<http://vocab.getty.edu/ulan/500203821>
Micronesian	<http://vocab.getty.edu/ulan/500203823>
Middle Cypriot	<http://vocab.getty.edu/ulan/500203824>
Middle Kingdom	<http://vocab.getty.edu/ulan/500203826>
Milagro	<http://vocab.getty.edu/ulan/500203827>
Minianka	<http://vocab.getty.edu/ulan/500203830>
Mitannian	<http://vocab.getty.edu/ulan/500203835>
Mithraist	<http://vocab.getty.edu/ulan/500355145>
Miwok	<http://vocab.getty.edu/ulan/500203836>
Mixe	<http://vocab.getty.edu/ulan/500203837>
Mohawk	<http://vocab.getty.edu/ulan/500203844>
Mojo	<http://vocab.getty.edu/ulan/500294366>
Moldovan	<http://vocab.getty.edu/ulan/500203848>
Mon	<http://vocab.getty.edu/ulan/500203850>
Monacan (Native American)	<http://vocab.getty.edu/ulan/500203852>
Mongolian	<http://vocab.getty.edu/ulan/500203855>
Montagnais	<http://vocab.getty.edu/ulan/500203857>
Monégasque	<http://vocab.getty.edu/ulan/500203851>
Mormon	<http://vocab.getty.edu/ulan/500355147>
Mosquito	<http://vocab.getty.edu/ulan/500203865>
Motswana	<http://vocab.getty.edu/ulan/500203867>
Munda	<http://vocab.getty.edu/ulan/500355231>
Mura	<http://vocab.getty.edu/ulan/500294368>
Musgu	<http://vocab.getty.edu/ulan/500203879>
Muslim	<http://vocab.getty.edu/ulan/500203880>
Métis	<http://vocab.getty.edu/ulan/500203708>
Nandi	<http://vocab.getty.edu/ulan/500203892>
Nanticoke	<http://vocab.getty.edu/ulan/500203893>
Nara	<http://vocab.getty.edu/ulan/500203895>
Narragansett	<http://vocab.getty.edu/ulan/500203897>
Nauruan	<http://vocab.getty.edu/ulan/500203901>
Navajo	<http://vocab.getty.edu/ulan/500203902>
Nayarit	<http://vocab.getty.edu/ulan/500203904>
Nazarene (Early Christian)	<http://vocab.getty.edu/ulan/500355149>
Nazarene (Protestant)	<http://vocab.getty.edu/ulan/500355148>
Ndumbo	<http://vocab.getty.edu/ulan/500203910>
Neapolitan	<http://vocab.getty.edu/ulan/500203911>
Near Eastern	<http://vocab.getty.edu/ulan/500203912>
Nepalese	<http://vocab.getty.edu/ulan/500203915>
Nestorian	<http://vocab.getty.edu/ulan/500355150>
New Britain (Papua New Guinea)	<http://vocab.getty.edu/ulan/500203919>
New Caledonian	<http://vocab.getty.edu/ulan/500203920>
New Kingdom	<http://vocab.getty.edu/ulan/500203924>
Newfoundland (Newfoundlander)	<http://vocab.getty.edu/ulan/500203926>
Nez Percé	<http://vocab.getty.edu/ulan/500203928>
Niaboua	<http://vocab.getty.edu/ulan/500203939>
Nichiren Buddhist	<http://vocab.getty.edu/ulan/500355151>
Nigerien	<http://vocab.getty.edu/ulan/500312967>
Nineteenth Dynasty	<http://vocab.getty.edu/ulan/500203943>
Ninth Dynasty	<http://vocab.getty.edu/ulan/500203944>
Nootka	<http://vocab.getty.edu/ulan/500203952>
Norse	<http://vocab.getty.edu/ulan/500203954>
Ntem	<http://vocab.getty.edu/ulan/500204360>
Ntomba	<http://vocab.getty.edu/ulan/500203965>
Nubian	<http://vocab.getty.edu/ulan/500203968>
Nyindu	<http://vocab.getty.edu/ulan/500203974>
Ojibwa	<http://vocab.getty.edu/ulan/500203985>
Okanagan	<http://vocab.getty.edu/ulan/500203986>
Okiek	<http://vocab.getty.edu/ulan/500203987>
Old Kingdom	<http://vocab.getty.edu/ulan/500203990>
Oneida	<http://vocab.getty.edu/ulan/500203996>
Onondaga	<http://vocab.getty.edu/ulan/500203997>
Opata	<http://vocab.getty.edu/ulan/500203999>
Oraon	<http://vocab.getty.edu/ulan/500355233>
Orthodox Jewish	<http://vocab.getty.edu/ulan/500355156>
Osage	<http://vocab.getty.edu/ulan/500204001>
Ottoman	<http://vocab.getty.edu/ulan/500125271>
Pagán	<http://vocab.getty.edu/ulan/500204014>
Paiute	<http://vocab.getty.edu/ulan/500204017>
Pala	<http://vocab.getty.edu/ulan/500204019>
Palau (Pelauan)	<http://vocab.getty.edu/ulan/500204020>
Pasto	<http://vocab.getty.edu/ulan/500294432>
Pawnee	<http://vocab.getty.edu/ulan/500204039>
Paya	<http://vocab.getty.edu/ulan/500204040>
Pedi	<http://vocab.getty.edu/ulan/500204042>
Pekinese	<http://vocab.getty.edu/ulan/500204045>
Pentacostal	<http://vocab.getty.edu/ulan/500355158>
Persian	<http://vocab.getty.edu/ulan/500125251>
Philia culture	<http://vocab.getty.edu/ulan/500204058>
Phoenician	<http://vocab.getty.edu/ulan/500204060>
Picuris Pueblo	<http://vocab.getty.edu/ulan/500204063>
Pilgrim	<http://vocab.getty.edu/ulan/500204066>
Pima	<http://vocab.getty.edu/ulan/500204067>
Pohnpeian	<http://vocab.getty.edu/ulan/500204074>
Pojoaque Pueblo	<http://vocab.getty.edu/ulan/500204075>
Polish	<http://vocab.getty.edu/ulan/500125275>
Pomo (African)	<http://vocab.getty.edu/ulan/500204078>
Pomo (Californian Native American)	<http://vocab.getty.edu/ulan/500204079>
Portuguese	<http://vocab.getty.edu/ulan/500125262>
Potawatomi	<http://vocab.getty.edu/ulan/500204086>
Powhatan	<http://vocab.getty.edu/ulan/500204088>
Pre-Columbian	<http://vocab.getty.edu/ulan/500125243>
Preceramic	<http://vocab.getty.edu/ulan/500204092>
Presbyterian	<http://vocab.getty.edu/ulan/500355159>
Protestant	<http://vocab.getty.edu/ulan/500355057>
Provençal	<http://vocab.getty.edu/ulan/500204096>
Provincial Highland (Latin American)	<http://vocab.getty.edu/ulan/500204098>
Pueblo	<http://vocab.getty.edu/ulan/500204103>
Punjabi (Indian)	<http://vocab.getty.edu/ulan/500204105>
Pure Land Buddhist	<http://vocab.getty.edu/ulan/500355160>
Pygmy	<http://vocab.getty.edu/ulan/500204110>
Qadiani	<http://vocab.getty.edu/ulan/500355161>
Qin	<http://vocab.getty.edu/ulan/500204117>
Quapaw	<http://vocab.getty.edu/ulan/500204121>
Quileute	<http://vocab.getty.edu/ulan/500204124>
Quinault	<http://vocab.getty.edu/ulan/500204125>
Québecois	<http://vocab.getty.edu/ulan/500204120>
Rabat	<http://vocab.getty.edu/ulan/500204128>
Raelian	<http://vocab.getty.edu/ulan/500355166>
Ramesside	<http://vocab.getty.edu/ulan/500204131>
Rastafarian	<http://vocab.getty.edu/ulan/500355167>
Reform Jewish	<http://vocab.getty.edu/ulan/500355168>
Republican Roman	<http://vocab.getty.edu/ulan/500204137>
Rhodian	<http://vocab.getty.edu/ulan/500204140>
Rinderi	<http://vocab.getty.edu/ulan/500204141>
Rio Grande Pueblo	<http://vocab.getty.edu/ulan/500204142>
Roman Catholic	<http://vocab.getty.edu/ulan/500355056>
Roman Monarchic	<http://vocab.getty.edu/ulan/500204143>
Romanian	<http://vocab.getty.edu/ulan/500125276>
Romanian-American	<http://vocab.getty.edu/ulan/500204145>
Rosicrucian	<http://vocab.getty.edu/ulan/500355194>
Russian	<http://vocab.getty.edu/ulan/500125290>
Russian-American	<http://vocab.getty.edu/ulan/500204148>
Safavid	<http://vocab.getty.edu/ulan/500204152>
Sakata	<http://vocab.getty.edu/ulan/500204158>
Sakya	<http://vocab.getty.edu/ulan/500355171>
Salish	<http://vocab.getty.edu/ulan/500204162>
Samoan	<http://vocab.getty.edu/ulan/500204167>
San	<http://vocab.getty.edu/ulan/500204168>
San Felipe Pueblo	<http://vocab.getty.edu/ulan/500204172>
San Ildefonso Pueblo	<http://vocab.getty.edu/ulan/500204173>
San Juan Pueblo	<http://vocab.getty.edu/ulan/500204174>
Sandia Pueblo	<http://vocab.getty.edu/ulan/500204176>
Sanga (Equatorial Guinea)	<http://vocab.getty.edu/ulan/500204177>
Sanga (Luba)	<http://vocab.getty.edu/ulan/500204178>
Sango (Congolese)	<http://vocab.getty.edu/ulan/500204179>
Sangu (Central Tanzanian)	<http://vocab.getty.edu/ulan/500355548>
Santa Ana Pueblo	<http://vocab.getty.edu/ulan/500204183>
Santa Clara Pueblo	<http://vocab.getty.edu/ulan/500204184>
Santal	<http://vocab.getty.edu/ulan/500355230>
Santo Domingo Pueblo	<http://vocab.getty.edu/ulan/500204187>
Sapo	<http://vocab.getty.edu/ulan/500204190>
Sardegnian	<http://vocab.getty.edu/ulan/500204193>
Saxon	<http://vocab.getty.edu/ulan/500204203>
Saô	<http://vocab.getty.edu/ulan/500204150>
Scientologist	<http://vocab.getty.edu/ulan/500355172>
Second Dynasty	<http://vocab.getty.edu/ulan/500204207>
Sekani	<http://vocab.getty.edu/ulan/500204209>
Seke	<http://vocab.getty.edu/ulan/500204210>
Sena (Late Indian)	<http://vocab.getty.edu/ulan/500204215>
Sena (Southern African)	<http://vocab.getty.edu/ulan/500204216>
Seneca	<http://vocab.getty.edu/ulan/500204217>
Sengele	<http://vocab.getty.edu/ulan/500204219>
Senufo	<http://vocab.getty.edu/ulan/500204220>
Serbian	<http://vocab.getty.edu/ulan/500125279>
Seri	<http://vocab.getty.edu/ulan/500204223>
Serrano	<http://vocab.getty.edu/ulan/500204224>
Seventeenth Dynasty	<http://vocab.getty.edu/ulan/500204226>
Seventh Dynasty	<http://vocab.getty.edu/ulan/500204227>
Shake (African)	<http://vocab.getty.edu/ulan/500204230>
Shaker	<http://vocab.getty.edu/ulan/500355173>
Shawnee	<http://vocab.getty.edu/ulan/500204235>
Shi'ite	<http://vocab.getty.edu/ulan/500355174>
Shuswap	<http://vocab.getty.edu/ulan/500204244>
Siberian	<http://vocab.getty.edu/ulan/500204246>
Sicilian	<http://vocab.getty.edu/ulan/500204248>
Sikh	<http://vocab.getty.edu/ulan/500355177>
Siksika	<http://vocab.getty.edu/ulan/500204253>
Simo	<http://vocab.getty.edu/ulan/500204255>
Sitka	<http://vocab.getty.edu/ulan/500204261>
Siuslaw	<http://vocab.getty.edu/ulan/500204262>
Sivaite	<http://vocab.getty.edu/ulan/500355178>
Six Dynasties Chinese	<http://vocab.getty.edu/ulan/500204263>
Sixteenth Dynasty	<http://vocab.getty.edu/ulan/500204264>
Sixth Dynasty	<http://vocab.getty.edu/ulan/500204265>
Skagit	<http://vocab.getty.edu/ulan/500204266>
Slav	<http://vocab.getty.edu/ulan/500355561>
Slavey (Native American)	<http://vocab.getty.edu/ulan/500204267>
Slovak	<http://vocab.getty.edu/ulan/500204268>
Slovene	<http://vocab.getty.edu/ulan/500204269>
Society Islands	<http://vocab.getty.edu/ulan/500204271>
Song Chinese	<http://vocab.getty.edu/ulan/500204277>
Songhai	<http://vocab.getty.edu/ulan/500204278>
Soninke	<http://vocab.getty.edu/ulan/500204281>
Sotho	<http://vocab.getty.edu/ulan/500204283>
Southern Italian	<http://vocab.getty.edu/ulan/500354916>
Soviet	<http://vocab.getty.edu/ulan/500204292>
Spanish	<http://vocab.getty.edu/ulan/500125267>
Sufi	<http://vocab.getty.edu/ulan/500355180>
Sumerian	<http://vocab.getty.edu/ulan/500204312>
Sumo	<http://vocab.getty.edu/ulan/500204314>
Susu	<http://vocab.getty.edu/ulan/500204320>
Swabian	<http://vocab.getty.edu/ulan/500125268>
Swazi (national)	<http://vocab.getty.edu/ulan/500204324>
Swedish	<http://vocab.getty.edu/ulan/500125286>
Syrian	<http://vocab.getty.edu/ulan/500204326>
Tahitian	<http://vocab.getty.edu/ulan/500204332>
Tahltan	<http://vocab.getty.edu/ulan/500204333>
Tajik	<http://vocab.getty.edu/ulan/500204337>
Tanaina	<http://vocab.getty.edu/ulan/500204341>
Tang	<http://vocab.getty.edu/ulan/500204343>
Taoist	<http://vocab.getty.edu/ulan/500355103>
Taos Pueblo	<http://vocab.getty.edu/ulan/500204346>
Tarquinian (Roman)	<http://vocab.getty.edu/ulan/500204350>
Teke	<http://vocab.getty.edu/ulan/500204359>
Tembé (Amazonian)	<http://vocab.getty.edu/ulan/500294373>
Temne	<http://vocab.getty.edu/ulan/500204361>
Tenda	<http://vocab.getty.edu/ulan/500204362>
Tenino	<http://vocab.getty.edu/ulan/500204363>
Tenth Dynasty	<http://vocab.getty.edu/ulan/500204364>
Tepecano	<http://vocab.getty.edu/ulan/500204367>
Tepehuan	<http://vocab.getty.edu/ulan/500204368>
Tesuque Pueblo	<http://vocab.getty.edu/ulan/500204372>
Thai	<http://vocab.getty.edu/ulan/500204374>
Third Dynasty	<http://vocab.getty.edu/ulan/500204379>
Thirteenth Dynasty	<http://vocab.getty.edu/ulan/500204380>
Thirtieth Dynasty	<http://vocab.getty.edu/ulan/500204381>
Thirty-first Dynasty	<http://vocab.getty.edu/ulan/500204382>
Thompson (Native American)	<http://vocab.getty.edu/ulan/500204383>
Three Kingdoms Chinese	<http://vocab.getty.edu/ulan/500355571>
Three Kingdoms Korean	<http://vocab.getty.edu/ulan/500204384>
Thuringian	<http://vocab.getty.edu/ulan/500204386>
Tibetan	<http://vocab.getty.edu/ulan/500204388>
Tibetan Buddhist	<http://vocab.getty.edu/ulan/500355184>
Tien	<http://vocab.getty.edu/ulan/500204390>
Tillamook	<http://vocab.getty.edu/ulan/500204394>
Timorese	<http://vocab.getty.edu/ulan/500204395>
Tlingit	<http://vocab.getty.edu/ulan/500204407>
Tobá (Chaco)	<http://vocab.getty.edu/ulan/500294419>
Tojolabal	<http://vocab.getty.edu/ulan/500204414>
Tolowa	<http://vocab.getty.edu/ulan/500204418>
Tonkawa	<http://vocab.getty.edu/ulan/500204422>
Totonac	<http://vocab.getty.edu/ulan/500204426>
Transylvanian	<http://vocab.getty.edu/ulan/500204427>
Trique	<http://vocab.getty.edu/ulan/500204432>
Trukese (Truk)	<http://vocab.getty.edu/ulan/500204433>
Tsimshian	<http://vocab.getty.edu/ulan/500204436>
Tsogo	<http://vocab.getty.edu/ulan/500204437>
Tsonga	<http://vocab.getty.edu/ulan/500204438>
Tswana	<http://vocab.getty.edu/ulan/500204439>
Tumbuka	<http://vocab.getty.edu/ulan/500204444>
Tunica	<http://vocab.getty.edu/ulan/500204445>
Tunisian	<http://vocab.getty.edu/ulan/500204446>
Tupí	<http://vocab.getty.edu/ulan/500294450>
Turkish	<http://vocab.getty.edu/ulan/500125270>
Turkmen	<http://vocab.getty.edu/ulan/500204449>
Tuscan	<http://vocab.getty.edu/ulan/500125273>
Tutchone	<http://vocab.getty.edu/ulan/500204455>
Tutelo	<http://vocab.getty.edu/ulan/500204456>
Tuvaluan	<http://vocab.getty.edu/ulan/500204457>
Twa	<http://vocab.getty.edu/ulan/500204458>
Twana	<http://vocab.getty.edu/ulan/500204459>
Twelfth Dynasty	<http://vocab.getty.edu/ulan/500204460>
Twentieth Dynasty	<http://vocab.getty.edu/ulan/500204461>
Twenty-eighth Dynasty	<http://vocab.getty.edu/ulan/500204462>
Twenty-fifth Dynasty	<http://vocab.getty.edu/ulan/500204463>
Twenty-first Dynasty	<http://vocab.getty.edu/ulan/500204464>
Twenty-fourth Dynasty	<http://vocab.getty.edu/ulan/500204465>
Twenty-ninth Dynasty	<http://vocab.getty.edu/ulan/500204466>
Twenty-second Dynasty	<http://vocab.getty.edu/ulan/500204467>
Twenty-seventh Dynasty	<http://vocab.getty.edu/ulan/500204468>
Twenty-sixth Dynasty	<http://vocab.getty.edu/ulan/500204469>
Twenty-third Dynasty	<http://vocab.getty.edu/ulan/500204470>
Tzutujil	<http://vocab.getty.edu/ulan/500204476>
Ubangi River	<http://vocab.getty.edu/ulan/500204477>
Udayadityavarman	<http://vocab.getty.edu/ulan/500204478>
Uighur	<http://vocab.getty.edu/ulan/500204480>
Ukrainian	<http://vocab.getty.edu/ulan/500204481>
Umatilla	<http://vocab.getty.edu/ulan/500204483>
Umbrian	<http://vocab.getty.edu/ulan/500204485>
Umman-Nar	<http://vocab.getty.edu/ulan/500204486>
Unetician	<http://vocab.getty.edu/ulan/500204487>
Unitarian	<http://vocab.getty.edu/ulan/500355186>
Unitarian Universalist	<http://vocab.getty.edu/ulan/500355099>
Universalist	<http://vocab.getty.edu/ulan/500355187>
Urhobo	<http://vocab.getty.edu/ulan/500204492>
Urnfield	<http://vocab.getty.edu/ulan/500204493>
Ute	<http://vocab.getty.edu/ulan/500204496>
Uzbek	<http://vocab.getty.edu/ulan/500204498>
Vaisnavist	<http://vocab.getty.edu/ulan/500355188>
Valencian	<http://vocab.getty.edu/ulan/500204503>
Vanuatuan	<http://vocab.getty.edu/ulan/500204504>
Vedic	<http://vocab.getty.edu/ulan/500204506>
Venda	<http://vocab.getty.edu/ulan/500204507>
Venetan	<http://vocab.getty.edu/ulan/500204508>
Venetian	<http://vocab.getty.edu/ulan/500125272>
Vietnamese	<http://vocab.getty.edu/ulan/500204514>
Visigothic	<http://vocab.getty.edu/ulan/500204521>
Walla Walla	<http://vocab.getty.edu/ulan/500204525>
Walloon	<http://vocab.getty.edu/ulan/500204527>
Wampanoag	<http://vocab.getty.edu/ulan/500204528>
Washo	<http://vocab.getty.edu/ulan/500204533>
Wee	<http://vocab.getty.edu/ulan/500204536>
Welsh	<http://vocab.getty.edu/ulan/500125228>
Wessex	<http://vocab.getty.edu/ulan/500204539>
West African	<http://vocab.getty.edu/ulan/500204540>
Wichita	<http://vocab.getty.edu/ulan/500204549>
Winnebago	<http://vocab.getty.edu/ulan/500204552>
Wiyot	<http://vocab.getty.edu/ulan/500204555>
Wolof	<http://vocab.getty.edu/ulan/500204558>
Wumu	<http://vocab.getty.edu/ulan/500204561>
Xe	<http://vocab.getty.edu/ulan/500204565>
Xia	<http://vocab.getty.edu/ulan/500204566>
Ya'Furid	<http://vocab.getty.edu/ulan/500204569>
Yaka	<http://vocab.getty.edu/ulan/500204571>
Yakima	<http://vocab.getty.edu/ulan/500204572>
Yako	<http://vocab.getty.edu/ulan/500204573>
Yana	<http://vocab.getty.edu/ulan/500204576>
Yapese (Yap)	<http://vocab.getty.edu/ulan/500204582>
Yaqui	<http://vocab.getty.edu/ulan/500204583>
Yi	<http://vocab.getty.edu/ulan/500204592>
Yokuts	<http://vocab.getty.edu/ulan/500204594>
Yombe	<http://vocab.getty.edu/ulan/500204595>
Yoruba	<http://vocab.getty.edu/ulan/500204596>
Yugoslavian	<http://vocab.getty.edu/ulan/500204599>
Yuki	<http://vocab.getty.edu/ulan/500204601>
Yuman	<http://vocab.getty.edu/ulan/500204602>
Yunca (Central Andean)	<http://vocab.getty.edu/ulan/500294387>
Yupik	<http://vocab.getty.edu/ulan/500204604>
Yurok	<http://vocab.getty.edu/ulan/500204605>
Zambezi River	<http://vocab.getty.edu/ulan/500204608>
Zand	<http://vocab.getty.edu/ulan/500204610>
Zen	<http://vocab.getty.edu/ulan/500355191>
Zhou	<http://vocab.getty.edu/ulan/500204615>
Zia Pueblo	<http://vocab.getty.edu/ulan/500204616>
Zoque	<http://vocab.getty.edu/ulan/500204621>
Zoroastrian	<http://vocab.getty.edu/ulan/500355192>
Zuni	<http://vocab.getty.edu/ulan/500204622>
artists in area of Northern Europe	<http://vocab.getty.edu/ulan/500129697>
contemporary	<http://vocab.getty.edu/ulan/500354921>
unknown	<http://vocab.getty.edu/ulan/500125274>
various artists	<http://vocab.getty.edu/ulan/500204623>
voodooist	<http://vocab.getty.edu/ulan/500355190>
